number,value,datetime_start,datetime_complete,duration,params_box,params_cls,params_dfl,params_fliplr,params_flipud,params_hsv_h,params_hsv_s,params_hsv_v,params_lr0,params_lrf,params_mixup,params_momentum,params_mosaic,params_warmup_epochs,params_weight_decay,state
0,0.9499312583413585,2026-03-27 11:52:51.686066,2026-03-27 12:18:19.299928,0 days 00:25:27.613862,0.10152990802542688,0.41166019044286106,1.4590819991684483,0.5924605095141455,0.2949539186584882,0.035067519575729005,0.4423464487411177,0.3997584247097817,0.001107225705076054,0.26452086309946793,0.1702105633114431,0.8246494983394298,0.6905465830820443,2.7179864005964096,0.0005767614917142247,COMPLETE
1,0.9401290506795612,2026-03-27 12:18:19.316008,2026-03-27 14:24:54.717375,0 days 02:06:35.401367,0.07305614794850487,0.4138931543735102,0.987816068558496,0.3384361732487288,0.1963688914837306,0.04314520425505195,0.45902856853077706,0.7140298516912418,0.0009289066520681525,0.32843587997380486,0.24280916677314696,0.9703200748012986,0.9938998121240741,1.0967336882555498,8.034482834856468e-05,COMPLETE
2,0.944327321258607,2026-03-27 14:24:54.730542,2026-03-27 15:44:15.381627,0 days 01:19:20.651085,0.12997252485959004,0.2507343235564718,1.1815269184302215,0.4567447473115302,0.22380386272420763,0.037791808826606425,0.6918857871668563,0.6079351427446844,0.0038988005094514203,0.29702912324250746,0.15448033840017653,0.8047546762073193,0.7810514353148414,1.3725054789830347,0.00038410863281578407,COMPLETE
3,0.9444171239140287,2026-03-27 15:44:15.424457,2026-03-27 16:32:19.263278,0 days 00:48:03.838821,0.12987757744009892,0.5090930107360794,1.1129836545849445,0.37377957103701603,0.15453678908378102,0.037682022452432934,0.2331372564256175,0.7851881348758543,0.0068457255327114405,0.42581695356503246,0.196621135581748,0.8676924004605218,0.9024645363742336,2.988734483118526,4.4921617608833825e-05,COMPLETE
4,0.9477027171992201,2026-03-27 16:32:19.279367,2026-03-27 17:54:35.875592,0 days 01:22:16.596225,0.08237733415310843,0.44946479292093333,1.3949395350506695,0.6551276294322131,0.16064096217921855,0.008323033777312588,0.45534496435504235,0.32106753107284997,0.025593976139049887,0.31238130232820277,0.14867550327020632,0.7998161302237662,0.762947119420525,2.4772521795229943,0.0008548769583539661,COMPLETE
5,0.9464099597323972,2026-03-27 17:54:35.886798,2026-03-27 19:20:20.158537,0 days 01:25:44.271739,0.06115504368114141,0.2843037587279674,0.9684410293906813,0.544593790189644,0.10930265020295045,0.02294000551029341,0.5846759612764083,0.37481854353458066,0.0010117376113509575,0.3361422165476698,0.0701105098301203,0.9030665718073128,0.8871414904976833,1.4582893085598836,4.960773545118719e-05,COMPLETE
6,0.9524341590480717,2026-03-27 19:20:20.158537,2026-03-27 22:57:49.363646,0 days 03:37:29.205109,0.07167925234814577,0.5181390629923985,0.925979608444969,0.3925253179336774,0.20550859339382527,0.03482896763174359,0.43632258074505115,0.33999990971197375,0.012762410195876367,0.20014212545188692,0.24954677883841403,0.9509422342626865,0.677060936587803,1.778623519269261,0.0006190203102090874,COMPLETE
7,0.9586717796527189,2026-03-27 22:57:49.411383,2026-03-27 23:47:31.193156,0 days 00:49:41.781773,0.06315123543403493,0.5309216170172154,1.2081543054870725,0.5970582903731213,0.2898199451028034,0.0042698850004469,0.23971079520684688,0.416277094275692,0.013386005035891355,0.1037591506340606,0.11140072380394486,0.8075857262537981,0.5455380777393337,1.8268108195437376,5.847409716934274e-05,COMPLETE
8,0.9452436626643334,2026-03-27 23:47:31.208880,2026-03-28 11:41:20.980842,0 days 11:53:49.771962,0.0868170852911995,0.48788235506205313,1.0270428082119556,0.686542656992702,0.0685337732964897,0.04874792374563546,0.32958847655294854,0.4194183748338788,0.005497047296434182,0.45254136942257556,0.1263683097752981,0.8995156455543349,0.7814919472933651,0.22340739581751146,8.111977714278134e-05,COMPLETE
9,0.9423402998531639,2026-03-28 11:41:20.992073,2026-03-28 12:29:09.385833,0 days 00:47:48.393760,0.14415926938798446,0.43710096026883005,0.8950584534766598,0.41036552801711546,0.16296267604245096,0.02666147240570413,0.44089960002306344,0.33585476635628675,0.012794079835155906,0.37423007927584184,0.18839654349381227,0.7369632855288473,0.6104241350386468,2.4924093388403072,0.00034329424641268297,COMPLETE
10,0.9508957357381727,2026-03-28 12:29:09.400718,2026-03-28 12:50:09.088672,0 days 00:20:59.687954,0.05375562584232381,0.5969156179659687,1.2779630543239582,0.5911294989167447,0.0038171615189460106,0.0010763075765007147,0.25512524415944404,0.21448934415378532,0.00029844828504782685,0.06274515756418308,0.0038372065881115136,0.7242980000884758,0.5209994327986472,0.5148074389124961,1.2967473959684364e-05,COMPLETE
11,0.9454509963391431,2026-03-28 12:50:09.101671,2026-03-28 13:11:50.293936,0 days 00:21:41.192265,0.09637684860933649,0.5788483287249375,0.8185300204468406,0.4849849532064291,0.28227504465352526,0.017067836390270315,0.3215335596965775,0.5377690339916571,0.049772225045486326,0.15405845262970236,0.28997248241536044,0.972859385725891,0.5142366752567124,1.9526544817638536,0.00018900085475726606,COMPLETE
12,0.9615444615172214,2026-03-28 13:11:50.293936,2026-03-28 13:33:37.318033,0 days 00:21:47.024097,0.06872920116101496,0.32114448597792444,1.2323395769039525,0.31546516365489535,0.24077766821164331,0.012158088321932208,0.797330394082535,0.21812242653484779,0.013831967682430026,0.17612437876675857,0.09020533248414121,0.7758228997537245,0.6306304790338597,1.8779054616510722,2.0330645579668605e-05,COMPLETE
13,0.9625464646506183,2026-03-28 13:33:37.349542,2026-03-28 13:55:04.736155,0 days 00:21:27.386613,0.06327192290868257,0.3162443525474672,1.2730971270276266,0.30073783094961926,0.25130564162403757,0.008300184556009194,0.6966740517122897,0.20147188181005785,0.02083962898585293,0.06850307010373329,0.08561826715738484,0.7630489957390999,0.595996215996747,2.066663698741294,1.449906770224437e-05,COMPLETE
14,0.9600162852944614,2026-03-28 13:55:04.757779,2026-03-28 14:22:06.710747,0 days 00:27:01.952968,0.051558355126315,0.3370832763931713,1.3248683242940456,0.31653422295573436,0.24628679370467088,0.01293603366039791,0.7974224344688394,0.2057118582747816,0.047173954729144596,0.19307879643437606,0.05734766746281083,0.7552849757197815,0.6189490702504307,2.175808515377467,1.2607616377963751e-05,COMPLETE
15,0.9602918936844549,2026-03-28 14:22:06.710747,2026-03-28 14:43:14.832182,0 days 00:21:08.121435,0.11007200071509651,0.33015956998051227,1.294424034984032,0.3029380061534526,0.24455582054884736,0.0157900678256559,0.7960315773068666,0.261892831267761,0.00011912274939931164,0.05717879500837588,0.07701095812096954,0.7691998383372043,0.5965493120810803,1.0822097489127325,2.4109788328226264e-05,COMPLETE
16,0.9536409739952557,2026-03-28 14:43:14.845813,2026-03-28 15:04:05.678027,0 days 00:20:50.832214,0.07937337931240458,0.2108847221354994,1.1014869217925494,0.4326379807205847,0.25215639044708604,0.007543412878022532,0.6835820272376449,0.5038103574932726,0.003089126618220524,0.134431664245853,0.01889033218696068,0.7034083949261698,0.6938318604381584,2.2002759696586494,2.5804100929402394e-05,COMPLETE
17,0.9502986999432848,2026-03-28 15:04:05.700195,2026-03-28 15:25:00.837489,0 days 00:20:55.137294,0.06448466144309359,0.32560483524879585,1.3752670653669996,0.3579415845047566,0.10311743450065836,0.02639278529973696,0.6578163594165967,0.27162677389171264,0.02207308909422871,0.2272465889622089,0.09999389665974,0.7767987642379222,0.6469562438787473,0.8030476169627652,2.2117751477050605e-05,COMPLETE
18,0.9610340359520072,2026-03-28 15:25:00.854540,2026-03-28 15:45:26.506258,0 days 00:20:25.651718,0.0962625830418963,0.3619787638368088,1.191315965621172,0.5139389955165948,0.19529105328854288,0.02064122591136953,0.5761560052269367,0.26927082154040516,0.024038767870241083,0.11200542100105579,0.048731454129261664,0.8538467336868455,0.5715751332976007,1.764508064761121,0.00015414623478707238,COMPLETE
19,0.9420883759191887,2026-03-28 15:45:26.506258,2026-03-28 16:05:48.825033,0 days 00:20:22.318775,0.11743167546098002,0.28701061498336705,1.4687770281644952,0.34213612671632615,0.271463308217759,0.009136269040656172,0.7430036446966843,0.5932802229365557,0.001947788182162278,0.1587718151175474,0.10105900047695088,0.7806239575264229,0.7216724310743645,2.1573031507362117,1.1355971790846865e-05,COMPLETE
20,0.955093912116575,2026-03-28 16:05:48.836029,2026-03-28 16:26:01.045147,0 days 00:20:12.209118,0.08690969173082845,0.20499893017712248,1.063283439010162,0.4421909897869248,0.12156787340502179,0.0022039516332191082,0.6004751734599048,0.45299022573051095,0.007813747428633137,0.1017068546064891,0.03158357287160507,0.742364411516598,0.8426948158831225,1.5310086031325656,3.390243698917629e-05,COMPLETE
21,0.9528650015615018,2026-03-28 16:26:01.055148,2026-03-28 16:46:29.615960,0 days 00:20:28.560812,0.09296835728224916,0.36652730412626283,1.22831324582326,0.5328679174738851,0.19303542993910247,0.020707600854362705,0.554040711536155,0.26701852592930686,0.024602924548101195,0.09648096564073347,0.0516028968746405,0.8545995699404276,0.569269046219439,1.8155576676730025,0.00022890275572138953,COMPLETE
22,0.9507229272330795,2026-03-28 16:46:29.621975,2026-03-28 17:06:34.463099,0 days 00:20:04.841124,0.07105560776385629,0.377306525203051,1.1532612008960723,0.5040474725404351,0.2235749439154039,0.012986346097038484,0.7270727410851047,0.21726024266630534,0.02851186152503259,0.24445244434615881,0.04047830654328195,0.8361087168366557,0.5677580506462078,1.604069238224615,0.00014236872984492685,COMPLETE
23,0.9582026820776698,2026-03-28 17:06:34.463099,2026-03-28 17:27:04.719014,0 days 00:20:30.255915,0.10886663266764325,0.2868317435423641,1.2409078758580683,0.30262361800935755,0.18431682700834434,0.019191892764389155,0.6276056543809166,0.2544341566867934,0.011918098664523522,0.13068862579910157,0.07966607974696586,0.8815334699618005,0.642574567946437,1.186906622226784,1.756199168633293e-05,COMPLETE
24,0.958972776265792,2026-03-28 17:27:04.751087,2026-03-28 17:47:49.956817,0 days 00:20:45.205730,0.07707243477286699,0.3637847575052489,1.3612417499118714,0.47879520228338807,0.22319934662744806,0.014600049155767871,0.5359010145952317,0.29035725170763477,0.01911802302142305,0.18501580619385238,0.12220210990497393,0.7118584214321125,0.50086830170247,2.4503445894649825,0.00010222567574762565,COMPLETE
25,0.954877585476372,2026-03-28 17:47:49.992334,2026-03-28 18:08:43.214679,0 days 00:20:53.222345,0.0580288682534692,0.25320117752916915,1.25662506362005,0.40591751512501084,0.26332809014168285,0.03051374457637314,0.7519194796730896,0.3042644212548872,0.04260473750395425,0.05344404287194915,0.08875269377252731,0.819923030114343,0.5711902558764935,2.0574746328437676,3.4526896734107937e-05,COMPLETE
26,0.9545715679028205,2026-03-28 18:08:43.234679,2026-03-28 18:29:24.376494,0 days 00:20:41.141815,0.0681392019029132,0.3081700050398935,1.1450598751382852,0.5429922976515571,0.22881359528600456,0.011108276355196595,0.6397729830415515,0.2050830772768184,0.00822985531240399,0.1122472748280428,0.0026373899030553843,0.9259386335697196,0.6429669294370156,1.682970118352624,1.7034141939649683e-05,COMPLETE
27,0.9392365896477836,2026-03-28 18:29:24.390992,2026-03-28 18:49:49.485652,0 days 00:20:25.094660,0.08990218209197173,0.38672374960228545,1.3208979211290859,0.3717376117475414,0.174394756415051,0.005798968136156045,0.7124246400246792,0.35114975002219767,0.0018603390142295062,0.4987478277483959,0.1410983754281724,0.8523374582626151,0.7318749917356785,1.3163843094591066,0.00012189004546612708,COMPLETE
28,0.9560817984203973,2026-03-28 18:49:49.485652,2026-03-28 19:09:53.969578,0 days 00:20:04.483926,0.12052423973957205,0.3490459985880554,1.1896038722283508,0.3372542484417781,0.20732535847420683,0.022067330357056825,0.5181938889073024,0.24141505846937156,0.004671192887612223,0.16404134110676588,0.06122434627169573,0.7888866021212204,0.5951184842665272,2.3809673926549393,0.0001927003865378082,COMPLETE
29,0.9474074084983303,2026-03-28 19:09:53.978578,2026-03-28 19:30:00.851228,0 days 00:20:06.872650,0.10256260419577545,0.41008965988088075,1.4302251315045333,0.6034915504770313,0.29992003231657655,0.018659882693602532,0.769198919062648,0.38666843919105853,0.03148224993117717,0.2717240831457961,0.030025758107689152,0.8292856851524447,0.6785364590680509,2.8407403973698786,0.0003164806657157893,COMPLETE
30,0.9541636186756318,2026-03-28 19:30:00.861226,2026-03-28 19:50:21.315484,0 days 00:20:20.454258,0.10386518025547903,0.24414486806134977,1.0731289398452368,0.5188320865795105,0.13182636147687382,0.0297872867142615,0.6706989631930971,0.45887454105203845,0.016498638636429336,0.08126897782006685,0.17370908699849516,0.7617784822938247,0.5415075468595109,2.721825696723445,6.781750155492485e-05,COMPLETE
31,0.9546913021150086,2026-03-28 19:50:21.315484,2026-03-28 20:10:24.722595,0 days 00:20:03.407111,0.11112237589087685,0.3146211951628394,1.2858373830252594,0.3061187811163752,0.24415488723220286,0.01631999964323764,0.7617718566906422,0.2497922141395983,0.00017959077316855585,0.05257762173517535,0.07699173806863033,0.7711871063243946,0.5962989938952789,0.8849440589948435,2.5198758232216852e-05,COMPLETE
32,0.9571266523791254,2026-03-28 20:10:24.732193,2026-03-28 20:30:52.521806,0 days 00:20:27.789613,0.12370829154792214,0.3508659738518323,1.328288467280895,0.3269702772329364,0.2715952019854079,0.010296760295858506,0.7963250057534698,0.2970734347285631,0.00047900458667969457,0.07767887480187206,0.0876210438690476,0.7471357620790606,0.6235984248413591,1.0849061844553705,1.0025278391652135e-05,COMPLETE
33,0.9582918682762573,2026-03-28 20:30:52.535806,2026-03-28 20:51:22.508465,0 days 00:20:29.972659,0.09775596996135241,0.31830964606624623,1.2815067494243446,0.34702596501994987,0.23799849836128298,0.01421770185199391,0.7273928046619984,0.25005971156670925,0.000540354778260591,0.12532914240983178,0.05100162126292528,0.809087025558042,0.5481592031940901,1.9789697617952262,1.7568955861919068e-05,COMPLETE
34,0.9548329544114481,2026-03-28 20:51:22.524115,2026-03-28 21:11:51.777690,0 days 00:20:29.253575,0.11343473296818349,0.39142550829973,1.1524449613768122,0.30045964435419326,0.21217747583565633,0.004817063326029032,0.7992521889901274,0.28563930184535347,0.00010607052192505596,0.0857129380133225,0.13124085131933905,0.7259037934091538,0.9805534537980058,0.8879734442471575,3.474334521124308e-05,COMPLETE
35,0.9452258548490813,2026-03-28 21:11:51.789164,2026-03-28 21:32:33.173920,0 days 00:20:41.384756,0.1311726898190855,0.43550923471273917,1.2085980933627827,0.5713077022800503,0.2659981338456408,0.02328949092766433,0.48928604865790765,0.6697703725597273,0.001451282384715463,0.22100825681623187,0.10713838991203675,0.7931368894993508,0.5884397047093408,1.271170821143734,1.5241989483438465e-05,COMPLETE
36,0.9557767991471112,2026-03-28 21:32:33.189580,2026-03-28 21:53:00.242802,0 days 00:20:27.053222,0.106281168099046,0.26376080431122706,1.426798323108721,0.3819991547303443,0.1875227687263991,0.016782476753046997,0.694577297520898,0.314934613551191,0.0032325867292343183,0.1416184356829173,0.15960123646679272,0.7671553990036547,0.652500881662468,1.045289024798612,2.1469853487483206e-05,COMPLETE
37,0.9542389996730111,2026-03-28 21:53:00.251802,2026-03-28 22:13:18.814216,0 days 00:20:18.562414,0.08307870562272962,0.30116531071218106,1.1733965892787057,0.462455928232947,0.2529500353425616,0.010594280516552866,0.5915509221887625,0.3603950152501699,0.008874332413155606,0.17542214471414813,0.06950261776894076,0.8498412140019242,0.6929650174866155,0.583042401655558,4.072662401706545e-05,COMPLETE
38,0.9590865813136181,2026-03-28 22:13:18.830211,2026-03-28 22:33:52.599300,0 days 00:20:33.769089,0.057951351844998986,0.33992301638823624,1.1165072285831321,0.3283934781068074,0.21085191188219915,0.0081350637703659,0.3873268215069577,0.229979085802306,0.0005843295547453401,0.11734949732645324,0.22772886059057362,0.8172518314755677,0.8187186116108937,1.4806260204012704,2.854058337074525e-05,COMPLETE
39,0.9465970243821221,2026-03-28 22:33:52.608300,2026-03-28 22:54:08.681819,0 days 00:20:16.073519,0.07544967789988055,0.2700066016926881,1.3468485496906963,0.3625631612906657,0.14092747007651135,0.02528860385120275,0.6197339955076557,0.7822128239675793,0.03361864829831454,0.06428417869307834,0.04016003744456491,0.7957837959133819,0.5351888697251806,1.6942633156687532,4.320094191892803e-05,COMPLETE
40,0.9520743917655442,2026-03-28 22:54:08.693001,2026-03-28 23:14:30.911909,0 days 00:20:22.218908,0.1376216363245566,0.4071370532012781,1.4047110684606365,0.6319346003047757,0.2830531715348581,0.029373501334346786,0.5665350092170179,0.20140646658783795,0.016982831588414855,0.30406366372099375,0.018465991600219757,0.8823504452809839,0.7189742590650471,2.367219061464609,5.913132267922206e-05,COMPLETE
41,0.9560797517115049,2026-03-28 23:14:30.927527,2026-03-28 23:34:59.221834,0 days 00:20:28.294307,0.050148659712832125,0.3339875651959034,1.2954938087010992,0.3209588952985067,0.2368038048449634,0.012924945650696162,0.7739517951903573,0.20187312107983682,0.039292278050159134,0.20534971893743303,0.05888803593914978,0.7550588436192825,0.6225168275141122,2.200162058053481,1.3209904061916328e-05,COMPLETE
42,0.9539609984168943,2026-03-28 23:34:59.221834,2026-03-28 23:55:25.987172,0 days 00:20:26.765338,0.05098117615773398,0.23164363256780657,1.247590754543125,0.31773716769118787,0.2519849301393773,0.011931596265657988,0.7079546597849738,0.2363940237389514,0.010041291918383417,0.18767582413681944,0.08945940108327793,0.7540747830121897,0.6112852664698611,1.8725763098909676,1.3706257021046616e-05,COMPLETE
43,0.9524441229355242,2026-03-28 23:55:26.003108,2026-03-29 00:16:20.921522,0 days 00:20:54.918414,0.06720937253227245,0.36098736529148623,1.3168214200636876,0.35506678095266964,0.22430259098094926,0.015226400517259398,0.7752016289423989,0.32681866868214776,0.02364527301390638,0.14607052227993125,0.0688846544195261,0.734599797127479,0.5736901591277088,2.0534692134042496,1.9378402169857424e-05,COMPLETE
44,0.9528147561430035,2026-03-29 00:16:20.968970,2026-03-29 00:37:19.216450,0 days 00:20:58.247480,0.059305566713479474,0.29805715995093157,1.4940473824919631,0.39967590858879076,0.17171035323194078,0.01905230604580668,0.7855214616998212,0.27257629808746137,0.0063410145355977,0.36598902376715625,0.11571915021039694,0.7836927030505001,0.6533033482375332,2.606457834079483,1.1189083871880884e-05,COMPLETE
45,0.948871873543798,2026-03-29 00:37:19.263340,2026-03-29 00:58:13.871045,0 days 00:20:54.607705,0.06318965574621485,0.37791265344594605,1.2142340560743075,0.4236989667539137,0.2037524960354216,0.007233556978014941,0.7407766464447613,0.23448608880827596,0.03959241013663096,0.2481504600166644,0.05122544000194793,0.7646202758210249,0.6681968018375042,2.2455073869085416,0.0008862059498080673,COMPLETE
46,0.9555150715713969,2026-03-29 00:58:13.883639,2026-03-29 01:18:55.867327,0 days 00:20:41.983688,0.05703585633118558,0.32903520660547503,1.268234623759759,0.3821829442562935,0.2537643490784411,0.0210658966893644,0.6563927021831898,0.2708282391708488,0.015225465198417273,0.08200569151193812,0.01402186991316666,0.7264907252138767,0.6180977181224446,1.4330170505021695,0.0004597822118711032,COMPLETE
47,0.9632916441628662,2026-03-29 01:18:55.898323,2026-03-29 01:39:56.491564,0 days 00:21:00.593241,0.07140798031378946,0.46312589434355633,1.3127070468937196,0.5636196176412798,0.2882519808308238,0.017351360216514393,0.6971630715901096,0.3213744936509859,0.048117056448515556,0.10572865615957065,0.09972237348000992,0.805892487977318,0.5937355916148969,1.7207575123688748,8.671311282524392e-05,COMPLETE
48,0.9530378351603582,2026-03-29 01:39:56.538609,2026-03-29 02:00:44.948920,0 days 00:20:48.410311,0.08153227175227863,0.4817269943536236,1.3786406948892638,0.5767040881307718,0.2778450321823887,0.043959474640356225,0.4823416971510638,0.326302513039816,0.0007662978341285864,0.1129813530984945,0.09752697217515728,0.8094087471450534,0.5247158041350565,1.6832358453110134,8.376217680075874e-05,COMPLETE
49,0.9548485871751808,2026-03-29 02:00:44.964885,2026-03-29 02:21:31.011601,0 days 00:20:46.046716,0.07282322883508024,0.47213172521667607,1.183882562515737,0.5665682903642782,0.28804603331200684,0.01801970834322973,0.6869186723671075,0.4190428843010031,0.02054062408907383,0.06924481155644782,0.13616611818842278,0.7998683216742247,0.5589169290591779,0.07400026783544122,0.00014158946535970543,COMPLETE
50,0.9585408264511073,2026-03-29 02:21:31.011601,2026-03-29 02:42:27.923988,0 days 00:20:56.912387,0.06725396857075769,0.4360086420267071,1.3009821951243048,0.6185075238729169,0.29852205261978965,0.00021340548261852485,0.7195228873430016,0.3678670177880587,0.00029974966892213527,0.09779534336806542,0.11699084275352835,0.837853302809059,0.5898150134794656,1.8952855976099632,0.00027513791478711325,COMPLETE
51,0.9485954061436124,2026-03-29 02:42:27.925992,2026-03-29 03:03:24.734277,0 days 00:20:56.808285,0.053610683601241334,0.5583462046358657,1.233500250372735,0.5124602999380693,0.03191606158290368,0.002518680556603526,0.7557372738859254,0.2255344590597072,0.029562671210632094,0.1650550036480747,0.08156904724667169,0.7724380885217403,0.6309461968906288,2.0344332533851346,2.7963042519509503e-05,COMPLETE
52,0.9426435960034387,2026-03-29 03:03:24.747274,2026-03-29 03:24:11.455829,0 days 00:20:46.708555,0.061961171946983945,0.4546628407771772,1.3544033995386324,0.3175536183555449,0.2625723260975865,0.014066334062878159,0.741181764426783,0.26244034890485385,0.04418133474105126,0.20497498285245974,0.0382799090199904,0.7493111083538634,0.6061392427308415,1.7890911599148507,1.4955979142152493e-05,COMPLETE
53,0.9551643526451514,2026-03-29 03:24:11.473519,2026-03-29 03:45:04.304724,0 days 00:20:52.831205,0.07084286099842521,0.34959755789392855,1.327481023967874,0.48939467418605537,0.24273638976730466,0.00951852378664017,0.792315135515793,0.29457248143559794,0.048142555351333945,0.1323539796034706,0.06407482785822262,0.8689495448217994,0.5820253671767684,1.6130669923205152,0.00018202095871415374,COMPLETE
54,0.9504303482724165,2026-03-29 03:45:04.343705,2026-03-29 04:06:04.070024,0 days 00:20:59.726319,0.09218070062955296,0.4229668586270504,1.2667643362161507,0.5505303831568582,0.2325526736114231,0.020107392410627208,0.6513082927307602,0.563715241790059,0.010860202198673459,0.09749851848893731,0.09532335785762218,0.7852645087957923,0.5552689541566403,2.1180581231982405,2.1287073989484344e-05,COMPLETE
55,0.9602185214104694,2026-03-29 04:06:04.084024,2026-03-29 04:27:03.138859,0 days 00:20:59.054835,0.05454085861920254,0.5085486851696506,1.2197489013777891,0.6824926487944172,0.2739923095503335,0.023932035547605757,0.7013837042928294,0.21638022340624813,0.032690225631329645,0.05027389388034421,0.10633586972734896,0.737701392649043,0.5035307890536166,2.3416909147296803,1.1140907050224957e-05,COMPLETE
56,0.9497952971793221,2026-03-29 04:27:03.170447,2026-03-29 04:47:52.738306,0 days 00:20:49.567859,0.08518207531797921,0.525201556688355,1.2080363689088405,0.6948949392265364,0.2756637100806793,0.024081236848057495,0.6161647949414644,0.22510377904089243,0.025350629587802178,0.050062544828692976,0.10868143191346236,0.7044042643238321,0.5048857938074731,1.5519694541572537,0.000648876333768559,COMPLETE
57,0.9525122976758885,2026-03-29 04:47:52.753940,2026-03-29 05:08:46.964431,0 days 00:20:54.210491,0.0779762780124418,0.536572285461611,0.9884406628216335,0.6566615488745385,0.28831411488663156,0.027098535460429632,0.6871816366121746,0.28268563962135673,0.03192904887163601,0.06555049993477823,0.147268442112804,0.7415982116598795,0.5183568616587202,2.257722393066709,1.0224446355240408e-05,COMPLETE
58,0.960984245871947,2026-03-29 05:08:46.980379,2026-03-29 09:49:00.067154,0 days 04:40:13.086775,0.05468204956610229,0.5063050409997244,1.118472707841976,0.4680469493606124,0.2600421440132827,0.01623198694025811,0.3946176976927466,0.34065872807330316,0.020034829576367024,0.0958945430483106,0.29543351521239264,0.7157469784797678,0.5313260374825746,2.571631247590307,9.032604821746167e-05,COMPLETE
59,0.9435273591665405,2026-03-29 09:49:00.078900,2026-03-29 10:07:29.791734,0 days 00:18:29.712834,0.06670681108168511,0.27780180775193203,1.1154494982033123,0.5291931132729185,0.2604750518594262,0.016364058963401023,0.372231035073453,0.3385039511635339,0.01309803213651748,0.08956877121173641,0.2750790926858466,0.955573054272552,0.5346184706992563,2.586963698507824,0.00010110489241395319,COMPLETE
60,0.9486621760678143,2026-03-29 10:07:29.804690,2026-03-29 10:26:10.408390,0 days 00:18:40.603700,0.09997058470109031,0.5030421352884774,1.0698796190794593,0.4930803632560719,0.22715201900421003,0.006449227302419661,0.2640410097730492,0.49176257363378323,0.02041177614562003,0.11839503316626998,0.22396231708049757,0.7201684394404725,0.5544442535671424,2.968832852926432,5.607994766776955e-05,COMPLETE
61,0.9596695998485709,2026-03-29 10:26:10.417782,2026-03-29 10:44:50.106210,0 days 00:18:39.688428,0.05495449479146577,0.5097304303839417,1.166898525997785,0.6589735075425687,0.2713296110184766,0.0330922895762871,0.3761973115531543,0.3960018123334569,0.015526795403083216,0.07667036764100246,0.18724928056237697,0.7166475961051338,0.5275568699166104,2.3954913551280383,0.00011786384697177702,COMPLETE
62,0.951786632707317,2026-03-29 10:44:50.114837,2026-03-29 11:03:31.051740,0 days 00:18:40.936903,0.06065353578587754,0.540168131821589,1.1324790675642682,0.46749624626471326,0.25851473025333294,0.021811381787860185,0.40598061070697544,0.30906140975742874,0.03522787119142491,0.10335048094177948,0.1252829841421913,0.7351457979229479,0.5071313700540783,2.3011233252697965,7.158734205762451e-05,COMPLETE
63,0.9579536055810933,2026-03-29 11:03:31.060968,2026-03-29 12:23:04.756798,0 days 01:19:33.695830,0.05550057562702082,0.49523664190089356,1.0335501558203823,0.45134566455906877,0.21792859642157153,0.017520999045854996,0.5733853041826225,0.25226391388087327,0.019028447183813045,0.06685758512999435,0.2628741715232876,0.7798600475285333,0.57287521605143,2.589097264483691,0.00016615175168834063,COMPLETE
64,0.9562648077064134,2026-03-29 12:23:04.771839,2026-03-29 14:04:49.589838,0 days 01:41:44.817999,0.11582094244450925,0.4608144206759744,1.2261739607977395,0.63807618467796,0.19720190207719163,0.012273757705226065,0.5154068952795603,0.2197539766815823,0.02671982735203074,0.05282683308101503,0.07852103569024167,0.8264469134713923,0.5995395061938326,1.9642783654401752,8.569384154947714e-05,COMPLETE
65,0.9535145761500234,2026-03-29 14:04:49.603866,2026-03-29 15:33:06.608225,0 days 01:28:17.004359,0.06510423628947246,0.546541417384642,1.1992694621144981,0.34194411386638984,0.24914163105366735,0.015719783249682748,0.33002813965870326,0.3473779186857031,0.004505443431133186,0.15052523280352084,0.10559372479804296,0.7314440630570223,0.5475539272274007,1.7368877938450265,1.601726913697237e-05,COMPLETE
66,0.950877114840475,2026-03-29 15:33:06.615884,2026-03-29 15:51:56.447211,0 days 00:18:49.831327,0.0703451093610165,0.4751305679742838,1.0968363317749101,0.5871833583722906,0.28764933007050764,0.022465748916686575,0.46434976475467443,0.2553229564943147,0.02305595965927199,0.0919277806174388,0.29668704464606793,0.7002524934162706,0.5635602042606264,1.3848685697258967,2.4960430378681852e-05,COMPLETE
67,0.9514412293916533,2026-03-29 15:51:56.461477,2026-03-29 17:11:04.327844,0 days 01:19:07.866367,0.07494809220558413,0.5857618460692487,1.2510129712536298,0.4737014438885035,0.24042671715159813,0.02015890527393008,0.6670730368633656,0.44058479210539925,0.00010373593779098829,0.28435832294840807,0.1575194882445163,0.7626427010998997,0.7737511183482757,2.492602582387562,1.1890028046680741e-05,COMPLETE
68,0.9466437428914863,2026-03-29 17:11:04.343687,2026-03-29 17:30:37.758678,0 days 00:19:33.414991,0.1226978256031113,0.514536679573506,0.8548174016984196,0.42221474697711786,0.2712757022110857,0.02776241313331949,0.7049170810413845,0.30552316403623325,0.002706408001308126,0.10856018339411784,0.0945176223582444,0.7103548522643344,0.633486987554763,1.8640795783334567,0.00022876986276323914,COMPLETE
69,0.9595579085172684,2026-03-29 17:30:37.771774,2026-03-29 18:21:15.377801,0 days 00:50:37.606027,0.10845441818061521,0.29691205981567426,1.1332642656572507,0.6760710463663352,0.29428037650172056,0.024198554912123187,0.728454749667241,0.2764940196158381,0.03742085560412346,0.1289342930050686,0.07438452875776601,0.8465049713943709,0.5837233385477546,2.1211209696820417,0.0001191187845454817,COMPLETE
70,0.957612059373292,2026-03-29 18:21:15.393437,2026-03-29 23:13:22.386101,0 days 04:52:06.992664,0.05326301562381492,0.3185978698852299,1.3047014027507968,0.5603999313788437,0.2800237694091178,0.01397794132582425,0.5433731670569197,0.6507756348845695,0.012729812575844733,0.0730213029164437,0.04662392579690734,0.7429911245177854,0.6612926353841195,2.7647250341539102,1.8749429794384205e-05,COMPLETE
71,0.9572202549168797,2026-03-29 23:13:22.435611,2026-03-29 23:32:48.168592,0 days 00:19:25.732981,0.062420851401451836,0.3405246440472875,1.3351976851331437,0.30190690305420753,0.2630836145698536,0.008482499808212696,0.7595181940545214,0.2138644050021067,0.048622463400687405,0.22422799987043315,0.029342038662449752,0.7570793041451811,0.6058849533547299,1.9318704309223804,1.2594398845776935e-05,COMPLETE
72,0.9532884379136148,2026-03-29 23:32:48.208591,2026-03-30 10:53:41.587613,0 days 11:20:53.379022,0.050755598230908305,0.36085290109133955,1.2803314594306061,0.333651365612344,0.24654837980777938,0.010478969198143924,0.773047067657683,0.24100979547711165,0.030927298158709888,0.18132294435200444,0.059371152406341964,0.8632502887676756,0.5373537929162289,0.6178310876963897,1.5039628783490876e-05,COMPLETE
73,0.9535688040394125,2026-03-30 10:53:41.633250,2026-03-30 11:15:58.721747,0 days 00:22:17.088497,0.05937435998518216,0.37273998445044726,1.2354757291445546,0.30953971612507897,0.23421419381838535,0.017878737310487218,0.20204017005979488,0.20973264709977724,0.027739240880839726,0.0855586011434954,0.08471732914288568,0.7475043273365662,0.7098486053095747,2.1248272082419373,1.3622163103792187e-05,COMPLETE
74,0.9606096363941453,2026-03-30 11:15:58.734026,2026-03-30 11:42:56.901714,0 days 00:26:58.167688,0.05682396503176217,0.31028430415715724,1.3708496821853207,0.35477354139862327,0.26647033109862595,0.011538506034669788,0.7435873488948594,0.2388563460475846,0.03583614595071281,0.06274400686327067,0.0676286513645912,0.7738949429303241,0.7451184409180985,2.335419366767285,3.057926943574496e-05,COMPLETE
75,0.9524859769765577,2026-03-30 11:42:56.913776,2026-03-30 12:04:32.867439,0 days 00:21:35.953663,0.0566684817719256,0.30673497605537015,1.423679973801797,0.35519882706676076,0.21684106741272632,0.011917210405780584,0.740976567796815,0.26236726010400807,0.01978950185401479,0.057543704071541905,0.06973399446214289,0.7776914944906057,0.906019885745791,2.311733304413963,3.190675558912598e-05,COMPLETE
76,0.9560271034683729,2026-03-30 12:04:32.919040,2026-03-30 12:55:54.113928,0 days 00:51:21.194888,0.06431329344730367,0.39502941107123885,1.3694003999821909,0.3309538581634241,0.08787161187786453,0.005053489695167513,0.6349295264355772,0.2898583480303636,0.016813723048054983,0.07797895803017454,0.08923909658734358,0.7901608175640733,0.7562703333589974,1.796952331382038,2.079397028077754e-05,COMPLETE
77,0.9587654286178229,2026-03-30 12:55:54.129745,2026-03-30 13:14:59.565144,0 days 00:19:05.435399,0.05979168532110816,0.3246514790020627,1.257850941025916,0.5029664839224891,0.153636359693098,0.019217978693741304,0.6712610314864377,0.23159123645217455,0.037878181003840675,0.10825800540637243,0.11409295843586986,0.7712714133715806,0.8359899871681276,2.425508599630589,4.683127502694197e-05,COMPLETE
78,0.9522555991589267,2026-03-30 13:14:59.580958,2026-03-30 13:33:51.374050,0 days 00:18:51.793092,0.06928234151262305,0.2865352553595502,1.3933493115438864,0.370802682357631,0.2684716958504631,0.01563584260292871,0.6993825050754578,0.20118500599040468,0.00020254649359187284,0.13852774028786308,0.09994826294322395,0.8139389362222528,0.7396754486885998,1.24723325571286,2.498856254619782e-05,COMPLETE
79,0.9471254406699376,2026-03-30 13:33:51.394779,2026-03-30 13:52:51.569516,0 days 00:19:00.174737,0.07442954394268558,0.31301237398060966,1.1686622430923066,0.6063985572300715,0.2815165791091645,0.013435962541405293,0.782806805324773,0.24915033210335233,0.023402013340245876,0.4225460123258702,0.21260922223588347,0.8019863972498392,0.5197622207103502,2.514798764483354,3.866267064538637e-05,COMPLETE
80,0.957824809947137,2026-03-30 13:52:51.569516,2026-03-30 14:12:10.651344,0 days 00:19:19.081828,0.054221941253985835,0.5662870415382674,1.306028811636289,0.3129249684587233,0.2545528621250535,0.02546953345850477,0.7210723070596257,0.3185366870908075,0.007276622229904209,0.06406385544044203,0.07596423429574349,0.8918101870651525,0.8098013769230699,2.65611048034838,0.00013517788601886713,COMPLETE
81,0.9603629432655894,2026-03-30 14:12:10.685406,2026-03-30 15:42:03.460195,0 days 01:29:52.774789,0.05341693034400051,0.34200783156452363,1.3366713260686387,0.31648275882438764,0.24549393093657793,0.0033105287891023434,0.7631276208963492,0.22213840876576496,0.043823953632601644,0.11895875974048095,0.05886294505498724,0.756614406462534,0.6788895516248803,2.002493058037825,1.699671714818082e-05,COMPLETE
82,0.961427455383423,2026-03-30 15:42:03.476701,2026-03-30 16:01:17.613370,0 days 00:19:14.136669,0.058037933292385706,0.3448041417873752,1.3533060032218494,0.34908983653801595,0.2387554579847512,0.002810385021108062,0.7548445259679373,0.2399826337259619,0.04010591931080758,0.1182820050087822,0.04577326885932491,0.7588783297637317,0.6383348133210315,1.6056774439143096,1.7527637474251314e-05,COMPLETE
83,0.9513448355876941,2026-03-30 16:01:17.629278,2026-03-30 16:20:17.393311,0 days 00:18:59.764033,0.06557287468163825,0.3433951278567021,1.385764357207613,0.34626873471161446,0.2321843061691732,0.0025831249186898573,0.7519385554974632,0.2403077445143149,0.04267594275747497,0.12234191708409993,0.04918121471819918,0.7595621578582161,0.6872704873696182,1.5478683732172478,2.3558806387389138e-05,COMPLETE
84,0.9606058435095097,2026-03-30 16:20:17.408944,2026-03-30 16:39:15.186688,0 days 00:18:57.777744,0.05764128086923919,0.3572795287648025,1.3446168016764606,0.3213584189704161,0.24309935066223412,0.003927648654786418,0.7666126587170564,0.2809116171643736,0.04975715319370598,0.15563109383735918,0.03274006239635567,0.7671406578877072,0.6340907847476621,1.6748816630700298,2.9202529993326972e-05,COMPLETE
85,0.9571363057974597,2026-03-30 16:39:15.186688,2026-03-30 16:58:15.189447,0 days 00:19:00.002759,0.06052322322672717,0.38363452393446734,1.343361885683977,0.3254315668193328,0.21713679374818165,0.0037079549328087364,0.42506505126665517,0.2808259734498003,0.04997657246960145,0.14972424996019768,0.02719127042664706,0.7744765770701859,0.6377217189503122,1.6042099390076716,2.8745107121166416e-05,COMPLETE
86,0.9600309867956102,2026-03-30 16:58:15.197837,2026-03-30 17:17:19.639139,0 days 00:19:04.441302,0.05822570669630579,0.35551329633785117,1.3609823867036723,0.3638117352817261,0.20300930353675384,0.0036884802376809887,0.733993844645588,0.26776604796427417,0.04031462044605583,0.15802991885950385,0.03912538329786866,0.7948427860716977,0.6743720527403556,2.01272399101313,1.7782360750769342e-05,COMPLETE
87,0.9579806898525838,2026-03-30 17:17:19.649140,2026-03-30 17:36:16.673954,0 days 00:18:57.024814,0.06266161791967124,0.371117531728435,1.4473748980798393,0.3835742895542318,0.24183463186166237,0.0014676601884388075,0.7643546914536454,0.22783241067933527,0.027352654603429838,0.1719689184919636,0.009434891703572923,0.7658476388912105,0.619853247037772,1.7375929776485506,9.136113114030225e-05,COMPLETE
88,0.9523511187444894,2026-03-30 17:36:16.673954,2026-03-30 17:55:23.674519,0 days 00:19:07.000565,0.05275654368958953,0.3352355118322106,1.3163712940430834,0.349424753403789,0.2571428114185144,0.009010333916810795,0.7830637371949541,0.29486096944077084,0.034698083667103564,0.13791609890538353,0.022569084050087982,0.7519098993806844,0.6588443637365621,1.6483893042611166,5.3434779726390195e-05,COMPLETE
89,0.9490531571748071,2026-03-30 17:55:23.707645,2026-03-30 18:14:57.935957,0 days 00:19:34.228312,0.05658622934404114,0.41980395773705126,1.4157794648311464,0.3221705810531709,0.18358698591825814,0.007302640173446763,0.750781854830805,0.32776603658241144,0.042657412937882944,0.3328276065983088,0.03730353680483749,0.7816512691045565,0.6445955391243474,1.8447924973127987,7.334426970071493e-05,COMPLETE
90,0.9546034602385057,2026-03-30 18:14:57.959754,2026-03-30 18:34:29.220916,0 days 00:19:31.261162,0.14847248149041467,0.39984859077366774,1.401692790743744,0.3403236592869814,0.24897953484700913,0.006233975615004484,0.7998781331470162,0.3768862983706396,0.029233424029890542,0.12090237328297875,0.055509059756882306,0.8618241971594717,0.6840014652015001,1.4193891807069452,3.1731791837716536e-05,COMPLETE
91,0.9624129447769737,2026-03-30 18:34:29.226326,2026-03-30 18:53:58.749856,0 days 00:19:29.523530,0.10530725015774198,0.328568363997373,1.291109731095742,0.30926568066155236,0.2279755435290822,0.004826552284552978,0.7760849505597519,0.2595701174749598,0.001135649890180232,0.09234291306453456,0.06494199117918308,0.7653791134535027,0.7036051921395591,1.7254757412408757,1.989427002217661e-05,COMPLETE
92,0.9542293460875513,2026-03-30 18:53:58.762859,2026-03-30 19:13:21.289072,0 days 00:19:22.526213,0.1040788026063699,0.3246144370450456,1.3404586953322548,0.31243700785089396,0.22125679690422373,0.0004153097190058089,0.760251166344659,0.2454096199176539,0.0013160243949181393,0.0992716401826012,0.06461458309396434,0.7861915021328701,0.7194950535849749,1.7354774207118477,1.9724564894042787e-05,COMPLETE
93,0.9583779596409969,2026-03-30 19:13:21.289072,2026-03-30 19:32:16.587028,0 days 00:18:55.297956,0.0964240166021485,0.34828925041244346,1.2936145327029527,0.334590023114933,0.22893510921110288,0.004962709710025046,0.7168356420451101,0.2741479094969339,0.0019579718600395454,0.0894201078387309,0.04869497816704627,0.7678562028188614,0.7383584496683698,1.523106346282338,6.281428344423922e-05,COMPLETE
94,0.9546995056359667,2026-03-30 19:32:16.604240,2026-03-30 20:09:36.565112,0 days 00:37:19.960872,0.05126831040599823,0.3023705413707899,1.272210727999222,0.3082418162019075,0.2387984078611851,0.003316404172426059,0.7838511471034245,0.2588433090087795,0.03536590160206818,0.1162894634788986,0.04327915856069019,0.9149739740909478,0.7076782973349116,1.9259327023125132,1.56582237500984e-05,COMPLETE
95,0.9576057113406349,2026-03-30 20:09:36.578504,2026-03-30 20:28:20.625168,0 days 00:18:44.046664,0.05677847495815034,0.2945353488121375,1.3667370454860912,0.30103249500963386,0.2651128387889549,0.0058374185838153,0.7745432232245004,0.21605549157531345,0.014394178880446315,0.1050435484321245,0.05572320019281793,0.8345353719505512,0.7031857154882983,1.806315555869036,3.849936427488615e-05,COMPLETE
96,0.947814450864534,2026-03-30 20:28:20.625168,2026-03-30 20:47:18.666121,0 days 00:18:58.040953,0.06843589142860192,0.3581700813528363,1.3198816271968064,0.529579916796844,0.24657510955524162,0.0017009742040289175,0.6038547074498448,0.30328740957520617,0.0009651457312202309,0.12969903484794498,0.06584999945112306,0.75951046089974,0.6660061800690761,2.0728771398773684,2.2940202064753805e-05,COMPLETE
97,0.9556561187557456,2026-03-30 20:47:18.666121,2026-03-30 21:06:23.477132,0 days 00:19:04.811011,0.07976623691884374,0.3281136344889292,1.3522104025247763,0.3199070341605512,0.2126050852406492,0.009724733998774509,0.7317918418449894,0.2380755396735401,0.022491313428316676,0.09218458185950551,0.033986279186752504,0.7294314618301662,0.627934754099506,2.187913452671005,1.686880683439892e-05,COMPLETE
98,0.9531539265857208,2026-03-30 21:06:23.488018,2026-03-30 21:25:27.165314,0 days 00:19:03.677296,0.10039965979255566,0.27651290242956533,1.4447345433074137,0.3288399208130767,0.2559384718376496,0.007588202902133671,0.741769870577327,0.3497965760203646,0.01730458109031834,0.07760230625173622,0.07441444764111449,0.7443576982813401,0.6153851298812741,1.6747520177981197,1.9334728602366152e-05,COMPLETE
99,0.9597545988710793,2026-03-30 21:25:27.173318,2026-03-30 21:44:30.368223,0 days 00:19:03.194905,0.061291833904679474,0.3131900863568837,1.1916823719067673,0.39641094759533285,0.16551383376054962,0.011392957073829457,0.6740258663739203,0.20104655309619288,0.02526589660248465,0.15902577561644088,0.1726545244833383,0.7742524921441917,0.6519772708081183,1.9842380270045987,2.815719740942481e-05,COMPLETE
